id,name,uri,album_image_url,release_date,artist,artist_id,genre
3o6lJwLl13Wq6Vuc7uikCi,"#108 A trajet√≥ria da narradora nordestina que est√° conquistando o Brasil, Faygha Kiss",spotify:episode:3o6lJwLl13Wq6Vuc7uikCi,https://i.scdn.co/image/2f7907e9ad7bfc33da5c7f24c713da2662bc6f87,2019-12-20,Seeking Growth Podcast,0WCLWK0HQbFFqSd4c5lUtp,podcast
6Bj0Oc4QnxXOKQO7NbvM4q,#33 Comprar mais ou vender tudo? Como gestores lidam com seus pap√©is preferidos,spotify:episode:6Bj0Oc4QnxXOKQO7NbvM4q,https://i.scdn.co/image/cc14045e851894dd0c5eeb1c4c0c43604d83cab8,2019-12-12,Stock Pickers,0OKark671tCbUyszCSs5Ff,podcast
4Gq99llNDwLFS3CU0SvlX0,#32 Luis Stuhlberger: a trajet√≥ria do gestor de 17.550%,spotify:episode:4Gq99llNDwLFS3CU0SvlX0,https://i.scdn.co/image/cc14045e851894dd0c5eeb1c4c0c43604d83cab8,2019-12-05,Stock Pickers,0OKark671tCbUyszCSs5Ff,podcast
5sTvAxeOXrltDCIINYHMhO,PrimoCast 49 - Como ficar rico em 2020?,spotify:episode:5sTvAxeOXrltDCIINYHMhO,https://i.scdn.co/image/ab6765630000ba8a66792d23720ec653274f7e2c,2019-12-30,Primocast,2gCj9YG9tjMexhS4pIlRHo,podcast
4NrXWZUUN3gOS3oZrbIUlY,PrimoCast 41 - Como escolher Small Caps para sua carteira,spotify:episode:4NrXWZUUN3gOS3oZrbIUlY,https://i.scdn.co/image/ab6765630000ba8aa47317f635ed3ac9c87e4328,2019-11-04,Primocast,2gCj9YG9tjMexhS4pIlRHo,podcast
4q5ac4YS6Ghnka5AhB9InW,AMBIENT SLEEP MUSIC: Letting Go of Stress (Sleep Meditation) by Sleep Architects - Relaxing ambient music for deep sleep,spotify:episode:4q5ac4YS6Ghnka5AhB9InW,https://i.scdn.co/image/39b482a4661f9b723d6944b0823ca1ded6d91f0b,2019-06-25,Sleep Podcast by Slow | Relaxing Sleep Sounds & Sleep Stories | Nature Sound For Sleep | ASMR,0OqwG23cqvPundxNPArv5Z,podcast
3uZYshI87kLuKrLDtiakqW,Epis√≥dio #1 ‚Äì Nunca foi t√£o f√°cil inovar,spotify:episode:3uZYshI87kLuKrLDtiakqW,https://i.scdn.co/image/39cebd3e191e5f5ea4360b9c5c762a9da3da32c2,2019-04-02,Economia Falada,0LOxnhAOW77UFkUhDFAUMV,podcast
278TzGGy1H9OzIBRXWYfwm,Epis√≥dio #2 ‚Äì As transforma√ß√µes tecnol√≥gicas est√£o se acelerando,spotify:episode:278TzGGy1H9OzIBRXWYfwm,https://i.scdn.co/image/ab6765630000ba8abdec62f207fd3ad9502f4ab9,2019-04-04,Economia Falada,0LOxnhAOW77UFkUhDFAUMV,podcast
1K8kS774iQPAeu7i5sz7JI,#93 Guilherme Malheiros,spotify:episode:1K8kS774iQPAeu7i5sz7JI,https://i.scdn.co/image/2f7907e9ad7bfc33da5c7f24c713da2662bc6f87,2019-09-06,Seeking Growth Podcast,0WCLWK0HQbFFqSd4c5lUtp,podcast
05XGjwff5bPmRk2kMsOBpk,PrimoCast 112 - O que est√° acontecendo com o Brasil? Um papo com Paulo Guedes,spotify:episode:05XGjwff5bPmRk2kMsOBpk,https://i.scdn.co/image/ab6765630000ba8aa2524f10975b37907d717ce7,2021-03-02,Primocast,2gCj9YG9tjMexhS4pIlRHo,podcast
4ikVhQENBBRzm5r6AV5hd1,#16 Paulo Fontana,spotify:episode:4ikVhQENBBRzm5r6AV5hd1,https://i.scdn.co/image/763f110e1aa46cb3fa242ccccc404daa419e98f8,2018-01-04,End√∂rfina com Michel B√∂gli,36HedSceb1w6RZTnMCZZRi,podcast
5gD4h0iqRLomOY3g0GtIzQ,SOM DE CHUVEIRO,spotify:episode:5gD4h0iqRLomOY3g0GtIzQ,https://i.scdn.co/image/ab6765630000ba8a680dac87d837bf2b0a0ada3f,2021-07-14,GHF SOUNDS,4TVPr0f5GF2vOg6YlJDQ8x,podcast
57HY0n5bLi8VMHT3l18SKy,Gentle Waterfall Sound 9 Hours,spotify:episode:57HY0n5bLi8VMHT3l18SKy,https://i.scdn.co/image/ab6765630000ba8ad391213ff229be34b47d9c4f,2019-06-19,White Noise Sleep Sounds by Tmsoft,2BdDWHUpDx5CiVYh6F4KIT,podcast
2TD8sRmyli0EeJtgZ7PvPR,White Noise (3 hours continuous) 432 Hz LPF,spotify:episode:2TD8sRmyli0EeJtgZ7PvPR,https://i.scdn.co/image/f05985a70c5b1c0d8702610b07b11cd73f7c8ddc,2020-09-21,Best Noise Labs,5slNbyLCLd1DbVY5p19Liw,podcast
2RT2ygVnNtGPZS5CC3Ugfv,Shower Sounds White Noise 8 Hours | for Relaxation or Stress Relief,spotify:episode:2RT2ygVnNtGPZS5CC3Ugfv,https://i.scdn.co/image/ab6765630000ba8a3846cb3984ed9848f0d69e5b,2020-08-25,Relaxing White Noise,2bAmrw0xKnOhOx4hqSL7vF,podcast
1avKoZSkRISbkHFE3fI3GP,"Rain Sounds for Sleep, Relaxation or Focus 8 Hours",spotify:episode:1avKoZSkRISbkHFE3fI3GP,https://i.scdn.co/image/ab6765630000ba8aad8e5971fb5f01bec080157f,2020-08-26,Relaxing White Noise,2bAmrw0xKnOhOx4hqSL7vF,podcast
6jRviSHHfWaQhKPD0Smm4J,Rain Sound to Sleep and Relax üåßüåßüåß 8 HOURS üåßüåßüåßüåß,spotify:episode:6jRviSHHfWaQhKPD0Smm4J,https://i.scdn.co/image/9296f08fce627b2bf7c3d48b564f127e577b006c,2020-12-05,iMal√¥,4z9fD9tGYw1BMfWz8tgn11,podcast
2SSFqG1Gn2Ze0zDqUWDnIu,"Forest Creek Water Sounds for Stress Relief, Relaxation or Sleep I 8 Hours",spotify:episode:2SSFqG1Gn2Ze0zDqUWDnIu,https://i.scdn.co/image/ab6765630000ba8a2ebc32430dba85a89b7e57aa,2020-08-04,Relaxing White Noise,2bAmrw0xKnOhOx4hqSL7vF,podcast
5xeslcRmU0B9P9WAZnjUun,"Oscillating Fan White Noise 8 Hours | Helps You Sleep, Focus or Study",spotify:episode:5xeslcRmU0B9P9WAZnjUun,https://i.scdn.co/image/ab6765630000ba8a580937dafce483854de379b0,2020-08-05,Relaxing White Noise,2bAmrw0xKnOhOx4hqSL7vF,podcast
5Ei2jPmhjLYle0uu9DR9R3,"Rain Sounds for Relaxation, Focus or Sleep 8 Hours | Nature White Noise",spotify:episode:5Ei2jPmhjLYle0uu9DR9R3,https://i.scdn.co/image/ab6765630000ba8aae61eca238998ee8d670729b,2020-08-06,Relaxing White Noise,2bAmrw0xKnOhOx4hqSL7vF,podcast
0BWt3057urFTc31gJhfIs1,"O passado, presente e o futuro da Engenharia de Dados - Data Hackers Podcast¬†49",spotify:episode:0BWt3057urFTc31gJhfIs1,https://i.scdn.co/image/ab6765630000ba8a9d510127707c53e41b8027aa,2021-11-19,Data Hackers,1oMIHOXsrLFENAeM743g93,podcast
68QioK0fzaeJriVcykKsi3,Spaceship Sounds White Noise for Sleeping | Starship Bedroom Ambience 8 Hours,spotify:episode:68QioK0fzaeJriVcykKsi3,https://i.scdn.co/image/ab6765630000ba8ace480bd76a98734b8c6e7169,2022-01-15,Relaxing White Noise,2bAmrw0xKnOhOx4hqSL7vF,podcast
010uwP3UU4UBuYfr3oLCXH,"Relaxing Water Sounds Mountain River to help you Sleep, Study or for Stress Relief 8 Hours",spotify:episode:010uwP3UU4UBuYfr3oLCXH,https://i.scdn.co/image/ab6765630000ba8aeec64236bcb18c86882a20ee,2022-01-10,Relaxing White Noise,2bAmrw0xKnOhOx4hqSL7vF,podcast
6vYORxCVMHEo71eTCgUeOS,Som de Chuva Original para dormir,spotify:episode:6vYORxCVMHEo71eTCgUeOS,https://i.scdn.co/image/18fca19ccf766c6ab0cab45e73abc8245a75f03e,2021-02-15,Chuva pra dormir ,3Ckwtsi1CNJPncRPzMNz5c,podcast
6ihv18UkkSS4gqgjmF046U,Gentle Rain Sounds 8 Hours I for Relaxation or Sleep,spotify:episode:6ihv18UkkSS4gqgjmF046U,https://i.scdn.co/image/ab6765630000ba8abdd2e8a8a8417b9ee265b29d,2020-08-21,Relaxing White Noise,2bAmrw0xKnOhOx4hqSL7vF,podcast
4hRyembt2d5WcorJGFQ7u7,Scrum Guide 2020,spotify:episode:4hRyembt2d5WcorJGFQ7u7,https://i.scdn.co/image/ab6765630000ba8a21a4e53e14beb853657497bb,2020-11-19,All Agile Guides,7xd5cwmT1LLH53GmNfrD84,podcast
1YRtpMYLOvWpPcy80FR9Oo,Scrum e Kanban: O papel do UX em m√©todos √°geis com Mauricio Tadini - Epis√≥dio 028,spotify:episode:1YRtpMYLOvWpPcy80FR9Oo,https://i.scdn.co/image/ab6765630000ba8abbb3df402c085e9b48b3bc7b,2021-05-17,Papo de UX,32hSv5mp77ocPcd3fPrLjU,podcast
4iWvHLZZ9tAbilmIcIXfnS,An introduction to Lean UX,spotify:episode:4iWvHLZZ9tAbilmIcIXfnS,https://i.scdn.co/image/c9e85546e074123eda22c39789d45a3187582216,2015-10-29,The Boagworld UX Show,2jZTurffCyIe4F71EAcUQG,podcast
03oHZFon4UOXNoOvhfHEyi,Time Series Forecasting no Grupo Botic√°rio - Data Hackers Podcast¬†46,spotify:episode:03oHZFon4UOXNoOvhfHEyi,https://i.scdn.co/image/ab6765630000ba8ae748f64b3143744883cfdeeb,2021-10-01,Data Hackers,1oMIHOXsrLFENAeM743g93,podcast
2RKlhXXy18eRCmcCHTk2Ns,SDS 463: Time Series Analysis,spotify:episode:2RKlhXXy18eRCmcCHTk2Ns,https://i.scdn.co/image/ab6765630000ba8a79b33b632dbf08553545de92,2021-04-20,Super Data Science Podcast with Jon Krohn,1n8P7ZSgfVLVJ3GegxPat1,podcast
3rytFydSvyju2pdAa8rw3N,Long Term Time Series Forecasting,spotify:episode:3rytFydSvyju2pdAa8rw3N,https://i.scdn.co/image/ab6765630000ba8a819ac7f6d34238e5aec1b79e,2021-10-25,Data Skeptic,1BZN7H3ikovSejhwQTzNm4,podcast
6OM8BtyNk5vqNmJMHxFghf,It's time to talk time series (Practical AI #62),spotify:episode:6OM8BtyNk5vqNmJMHxFghf,https://i.scdn.co/image/e7afa3e3cc009d133446a237bf4446832332db6e,2019-10-28,Changelog Master Feed,0S1h5K7jm2YvOcM7y1ZMXY,podcast
7g850wt09NzDrXOhs4tRJM,#23 - How to fed data into AI algorithms. Understanding categorical feature encoding and scaling/normalization.,spotify:episode:7g850wt09NzDrXOhs4tRJM,https://i.scdn.co/image/ab6765630000ba8ac8cb73cc1c5fb5691eae4e14,2021-11-04,Life with AI,38kCKFKEAm9romJuaXVq4w,podcast
2wFOx8HgO5ib0sWH889jKd,"Sal√°rios, trabalho remoto, e senioridade: os resultados do State of Data Brazil - Data Hackers Podcast¬†53",spotify:episode:2wFOx8HgO5ib0sWH889jKd,https://i.scdn.co/image/ab6765630000ba8a9d510127707c53e41b8027aa,2022-03-11,Data Hackers,1oMIHOXsrLFENAeM743g93,podcast
6wv1XCIMmFAswGgmjri76T,13_Inference for Categorical Variables (Part 1 of 2),spotify:episode:6wv1XCIMmFAswGgmjri76T,https://i.scdn.co/image/ab6765630000ba8a08262d519159335538076a19,2023-06-01,Statistics for the Social Sciences,3NA20RWdSNIWlQ3j3j40Gv,podcast
0bwtaOWWKspFTQPlX1oaZp,Tend√™ncias para Dados e AI em 2022 - Data Hackers Podcast 51,spotify:episode:0bwtaOWWKspFTQPlX1oaZp,https://i.scdn.co/image/ab6765630000ba8a9d510127707c53e41b8027aa,2022-02-04,Data Hackers,1oMIHOXsrLFENAeM743g93,podcast
6m83JtFqUewf7umg1uZ2cJ,Forecasting Principles and Practice,spotify:episode:6m83JtFqUewf7umg1uZ2cJ,https://i.scdn.co/image/ab6765630000ba8ad60768f9e2b719a40a33ed6f,2021-05-24,Data Skeptic,1BZN7H3ikovSejhwQTzNm4,podcast
52YTW05YC9EVCgcLSi5Zlt,Dados e Bolsa de Valores - Data Hackers Podcast¬†34,spotify:episode:52YTW05YC9EVCgcLSi5Zlt,https://i.scdn.co/image/ab6765630000ba8a22f3b9e8481bb9a5a63ca597,2020-12-20,Data Hackers,1oMIHOXsrLFENAeM743g93,podcast
1gWZugoCgqkQphakxXY94h,"Deep Learning: o que √©, como funciona e como come√ßar ‚Ää- Data Hackers Podcast¬†25",spotify:episode:1gWZugoCgqkQphakxXY94h,https://i.scdn.co/image/ab6765630000ba8a22f3b9e8481bb9a5a63ca597,2020-06-27,Data Hackers,1oMIHOXsrLFENAeM743g93,podcast
6EHVRQOCQvTdCYY6dKUaZY,O desafio de criar comunidades de tecnologia‚Ää-‚ÄäData Hackers Podcast¬†21,spotify:episode:6EHVRQOCQvTdCYY6dKUaZY,https://i.scdn.co/image/ab6765630000ba8a22f3b9e8481bb9a5a63ca597,2020-03-13,Data Hackers,1oMIHOXsrLFENAeM743g93,podcast
2l8PKzT2HJRgQrV9tuZEqj,Prequisites for Time Series,spotify:episode:2l8PKzT2HJRgQrV9tuZEqj,https://i.scdn.co/image/83d2d7b1570ffda9e0a9fa68cc54f6e43cbccfab,2021-05-21,Data Skeptic,1BZN7H3ikovSejhwQTzNm4,podcast
3RvcIMmrndEQQ0cHWGWUHs,Predicting Stock Prices,spotify:episode:3RvcIMmrndEQQ0cHWGWUHs,https://i.scdn.co/image/ab6765630000ba8a6fe98b8a571fa52a33d62656,2021-07-19,Data Skeptic,1BZN7H3ikovSejhwQTzNm4,podcast
0sj0bx0X6tMQJebvjkdidp,Applying k-Nearest Neighbors to Time Series,spotify:episode:0sj0bx0X6tMQJebvjkdidp,https://i.scdn.co/image/ab6765630000ba8a8d011e3aa34e49000c31e524,2021-09-20,Data Skeptic,1BZN7H3ikovSejhwQTzNm4,podcast
3TneWaKs2lMqhKaG8ooQcQ,#104 How the Data Community Can Accelerate Your Data Career,spotify:episode:3TneWaKs2lMqhKaG8ooQcQ,https://i.scdn.co/image/ab6765630000ba8aa92507f9439b29c000e6f99c,2022-09-12,DataFramed,02yJXEJAJiQ0Vm2AO9Xj6X,podcast
3lUvD6Hnj5QFleuITKhoA6,#105 What Data Visualization Means for Data Literacy,spotify:episode:3lUvD6Hnj5QFleuITKhoA6,https://i.scdn.co/image/ab6765630000ba8ab41225f8c222db647d61edf1,2022-09-19,DataFramed,02yJXEJAJiQ0Vm2AO9Xj6X,podcast
3yZmKQ7XEDbEUpdFHqA2tI,Detecting Drift,spotify:episode:3yZmKQ7XEDbEUpdFHqA2tI,https://i.scdn.co/image/ab6765630000ba8a849f102663efd17bc18f1d7f,2021-06-11,Data Skeptic,1BZN7H3ikovSejhwQTzNm4,podcast
4iyAmc7P3uhwt7V423As7R,Time Series at the Beach,spotify:episode:4iyAmc7P3uhwt7V423As7R,https://i.scdn.co/image/ab6765630000ba8afaf5df02a122063486698c61,2021-06-28,Data Skeptic,1BZN7H3ikovSejhwQTzNm4,podcast
6hxk83bnc7fkrxaFpjSVCn,ARiMA is not Sufficient,spotify:episode:6hxk83bnc7fkrxaFpjSVCn,https://i.scdn.co/image/ab6765630000ba8a1061bd9236f0fe7b19e46a76,2021-08-30,Data Skeptic,1BZN7H3ikovSejhwQTzNm4,podcast
3oXho6E3npFatzIMo7XAgZ,Ultra Long Time Series,spotify:episode:3oXho6E3npFatzIMo7XAgZ,https://i.scdn.co/image/ab6765630000ba8a4131ecb2df5c604c60708c80,2021-09-13,Data Skeptic,1BZN7H3ikovSejhwQTzNm4,podcast
65qAn1b3WmWrx0TAyF0XHX,Time Series for Good,spotify:episode:65qAn1b3WmWrx0TAyF0XHX,https://i.scdn.co/image/ab6765630000ba8a362a425c73cb8f1f21cfe80e,2021-11-01,Data Skeptic,1BZN7H3ikovSejhwQTzNm4,podcast
1PuD2hEsx3mEAtDISA93mn,#92 Democratizing Data in Large Enterprises,spotify:episode:1PuD2hEsx3mEAtDISA93mn,https://i.scdn.co/image/ab6765630000ba8a5f4712b441fcd4135ca7452c,2022-06-20,DataFramed,02yJXEJAJiQ0Vm2AO9Xj6X,podcast
3urmG0NO3vmlwLDXXCFsOn,122. Sadie St. Lawrence - Trends in data¬†science,spotify:episode:3urmG0NO3vmlwLDXXCFsOn,https://i.scdn.co/image/ab6765630000ba8a30097bf9d00bc699b86a7588,2022-05-04,Towards Data Science,63diy2DtpHzQfeNVxAPZgU,podcast
26iG67nH0vHKYczROEh5oq,33 - Data scientist vs machine learning engineer - what you need to know,spotify:episode:26iG67nH0vHKYczROEh5oq,https://i.scdn.co/image/ab6765630000ba8a187e65c9fab17f9e4d1f9542,2021-07-02,Naked Data Science,4Sacw5UzY7utm6coTEHS0h,podcast
7HJ0QoHu3uYoSXGyKdABCL,32 - So you want to become a data scientist at FAANG,spotify:episode:7HJ0QoHu3uYoSXGyKdABCL,https://i.scdn.co/image/ab6765630000ba8a187e65c9fab17f9e4d1f9542,2021-03-23,Naked Data Science,4Sacw5UzY7utm6coTEHS0h,podcast
51oRkoA1cAQ2X1kucFxlWk,615: How to Ace Your Data Science Interview,spotify:episode:51oRkoA1cAQ2X1kucFxlWk,https://i.scdn.co/image/ab6765630000ba8ae1e733eac0d1d4ffce1ea344,2022-10-04,Super Data Science Podcast with Jon Krohn,1n8P7ZSgfVLVJ3GegxPat1,podcast
5lTgpePHSlrOsQOl2VbLEB,ML Ops in Production,spotify:episode:5lTgpePHSlrOsQOl2VbLEB,https://i.scdn.co/image/ab6765630000ba8a81a375f88cf637d9303156f0,2022-10-06,Data Skeptic,1BZN7H3ikovSejhwQTzNm4,podcast
0lsXCD3SPjcO0H7HZnSPFy,#108 The Hallmarks of Successful Data Training Programs,spotify:episode:0lsXCD3SPjcO0H7HZnSPFy,https://i.scdn.co/image/ab6765630000ba8a12b576398f17a8cc37f70cdc,2022-10-10,DataFramed,02yJXEJAJiQ0Vm2AO9Xj6X,podcast
1hampO75GK2nKsk3LVmUQc,520. The Unintended Consequences of Working from Home,spotify:episode:1hampO75GK2nKsk3LVmUQc,https://i.scdn.co/image/ab6765630000ba8ad8cbc1b0e35fb151ae472695,2022-10-27,Freakonomics Radio,6z4NLXyHPga1UmSJsPK7G1,podcast
1JlNxcHMPhpzpT8bpzLMo6,O que √© e para que serve MLOps? - Data Hackers Podcast¬†60,spotify:episode:1JlNxcHMPhpzpT8bpzLMo6,https://i.scdn.co/image/ab6765630000ba8a22f3b9e8481bb9a5a63ca597,2022-11-04,Data Hackers,1oMIHOXsrLFENAeM743g93,podcast
14OPyeKKcIDFZVrkTOxRsY,"623: Data Analyst, Data Scientist, and Data Engineer Career Paths",spotify:episode:14OPyeKKcIDFZVrkTOxRsY,https://i.scdn.co/image/ab6765630000ba8a0b4bb3673c4e3ab9dd503ad0,2022-11-01,Super Data Science Podcast with Jon Krohn,1n8P7ZSgfVLVJ3GegxPat1,podcast
51Sgpws5KAs8U6j04MmJvV,#102 How an Always-Learning Culture Drives Innovation at Shopify,spotify:episode:51Sgpws5KAs8U6j04MmJvV,https://i.scdn.co/image/ab6765630000ba8ac85dbfa701d83853a94f23b7,2022-08-29,DataFramed,02yJXEJAJiQ0Vm2AO9Xj6X,podcast
6b6pOGLxurds9QojRsnaVZ,Fairness in e-Commerce Search,spotify:episode:6b6pOGLxurds9QojRsnaVZ,https://i.scdn.co/image/ab6765630000ba8ab5528ed27dc98a5cef98039c,2022-09-05,Data Skeptic,1BZN7H3ikovSejhwQTzNm4,podcast
2spEss7IPLpWXxgXGlv5Cn,Licensing & automating creativity,spotify:episode:2spEss7IPLpWXxgXGlv5Cn,https://i.scdn.co/image/e7afa3e3cc009d133446a237bf4446832332db6e,2022-09-06,"Practical AI: Machine Learning, Data Science",1LaCr5TFAgYPK5qHjP3XDp,podcast
7IXS7nMlGuQpCYrW92jyCQ,613: Causal Machine Learning,spotify:episode:7IXS7nMlGuQpCYrW92jyCQ,https://i.scdn.co/image/ab6765630000ba8a59665d166e4643253b284931,2022-09-27,Super Data Science Podcast with Jon Krohn,1n8P7ZSgfVLVJ3GegxPat1,podcast
305uKgG15kUZgU9A1hZwxI,Antifragile by Nassim Nicholas Taleb,spotify:episode:305uKgG15kUZgU9A1hZwxI,https://i.scdn.co/image/ab6765630000ba8aaf855b5a1daf0f27edae1b0a,2019-12-15,Bestbookbits,0q8OW3dNrLISzyRSEovTBy,podcast
6hDnIn9cDkrDosaz6m7evy,Do We Need Deep Learning in Time Series,spotify:episode:6hDnIn9cDkrDosaz6m7evy,https://i.scdn.co/image/ab6765630000ba8a6a2aac28ab25615b2a4458ce,2021-06-16,Data Skeptic,1BZN7H3ikovSejhwQTzNm4,podcast
63kdVsY4Ig4igDRa8cCCzp,üß† Machine Learning for Engineers & AI Work at Siemens ‚Äì Justin Hodges | Podcast #85,spotify:episode:63kdVsY4Ig4igDRa8cCCzp,https://i.scdn.co/image/ab6765630000ba8af7c2d0cdce82a63eab269d82,2022-10-16,"The Engineered-Mind Podcast | Engineering, AI & Technology",4Y9L0uykSmk7sgskLjBQ1k,podcast
4YQRALNiG18k0su4Aq8qzW,"Machine Learning, AI, and Blockchain at IBM‚Äôs Think Conference on Oil and Gas This Week ‚Äì OGTW166",spotify:episode:4YQRALNiG18k0su4Aq8qzW,https://i.scdn.co/image/ab6765630000ba8aee328c5c004bfc3764242d23,2019-02-28,Oil and Gas This Week Podcast,5abw6M8GZWklf4SueAu19v,podcast
6wigLtnocmgKhyF7gpq8wV,How Machine Learning Transforms and Improves The Efficiency of Oil and Gas Industry,spotify:episode:6wigLtnocmgKhyF7gpq8wV,https://i.scdn.co/image/a9e865b1dcad069db9c79c71277cd2d014551eeb,2020-12-02,V-Soft Tech Talk,2EPxjdkwdPMu5EJ77HxnZm,podcast
6scJcpBxroRWljDDYdvGrM,"Oil and Gas This Week ‚Äì October 24, 2022 ‚Äì Ep280",spotify:episode:6scJcpBxroRWljDDYdvGrM,https://i.scdn.co/image/ab6765630000ba8aee328c5c004bfc3764242d23,2022-10-25,Oil and Gas This Week Podcast,5abw6M8GZWklf4SueAu19v,podcast
6xgoTYgT4oYHq2GBGbfp9F,Strategies And Tactics For A Successful Master Data Management Implementation,spotify:episode:6xgoTYgT4oYHq2GBGbfp9F,https://i.scdn.co/image/ab6765630000ba8a4456c3c56c25fd6631366c71,2022-06-27,Data Engineering Podcast,2iLvljRGVVIGlJshT5vNDS,podcast
70elxSv7qaz6X9xj33nOFT,Episode 103 - The Future of Data Management,spotify:episode:70elxSv7qaz6X9xj33nOFT,https://i.scdn.co/image/ab6765630000ba8aaad948a42b575890bdd65aff,2022-11-10,Data Privacy Detective,0D5Gu5cPch0qpKbQjBzf5a,podcast
49T1xNW6ECNGnC5ReM9Xsi,Datacast | Temporada 3 - Cap√≠tulo 38 | Data Science Manager vs Data Science Expert,spotify:episode:49T1xNW6ECNGnC5ReM9Xsi,https://i.scdn.co/image/ab6765630000ba8a609affb490d2cc18f9681551,2022-10-11,Datacast,3ykgIX30TUBxfl2G9BVafU,podcast
0H0eMokupFXiwuQrMHGoqs,Predictive Maintenance for Equipment and Machinery - with Predii's Tilak Kasturi,spotify:episode:0H0eMokupFXiwuQrMHGoqs,https://i.scdn.co/image/ab6765630000ba8a4ee53776a9c7287807fd67df,2017-08-13,The AI in Business Podcast,47tfNbsYCwV7Rrlw2gdurZ,podcast
0Mq7cIf1a5URgV77vkW7sq,208 - What is Design Thinking? ‚Äî with Eric Moore,spotify:episode:0Mq7cIf1a5URgV77vkW7sq,https://i.scdn.co/image/ab6765630000ba8a4afc11ad3b7ec662e2990df3,2022-09-28,The Futur with Chris Do,5K96ryZCjCmxqMzEotvS8h,podcast
1liO6U91Vq6qlzPIKHJjVG,059 - How Design Thinking Helps Organizations and Data Science Teams Create Economic Value with Machine Learning and Analytics feat. Bill Schmarzo,spotify:episode:1liO6U91Vq6qlzPIKHJjVG,https://i.scdn.co/image/ab6765630000ba8a72a047ceba0b9e4135d86244,2021-02-23,Experiencing Data with Brian T. O‚ÄôNeill,7wVvNYSGGicmX2Nb0XhLl9,podcast
62cEXmxnb4rSQBcf8ns2vN,104 - Surfacing the Unarticulated Needs of Users and Stakeholders through Effective Listening,spotify:episode:62cEXmxnb4rSQBcf8ns2vN,https://i.scdn.co/image/ab6765630000ba8a72a047ceba0b9e4135d86244,2022-11-15,Experiencing Data with Brian T. O‚ÄôNeill,7wVvNYSGGicmX2Nb0XhLl9,podcast
5vNCSTuOsZvU3QhEGFnGsl,"100 - Why Your Data, AI, Product & Business Strategies Must Work Together (and Digital Transformation is The Wrong Framing) with Vin Vashishta",spotify:episode:5vNCSTuOsZvU3QhEGFnGsl,https://i.scdn.co/image/ab6765630000ba8a72a047ceba0b9e4135d86244,2022-09-20,Experiencing Data with Brian T. O‚ÄôNeill,7wVvNYSGGicmX2Nb0XhLl9,podcast
7k2ipMNIIZCAh0w19SnnF3,Episode 17: Current State and Future of Predictive Maintenance with Augury CEO Saar Yoskovitz,spotify:episode:7k2ipMNIIZCAh0w19SnnF3,https://i.scdn.co/image/ab6765630000ba8a9b7375a910f95df2f14f3942,2019-02-13,Pumps & Systems Podcast,7vCgXFp1J9Q5WdrMcOWafa,podcast
3pxOIASrtOK1Q87PGP6zOo,Design thinking - bringing the art of science to data science,spotify:episode:3pxOIASrtOK1Q87PGP6zOo,https://i.scdn.co/image/bc7f1fffd02ce1a2597947d6d54a5cd6e4606c2a,2020-06-06,TheMathCompany,4nLiVZz0nzwifxyhYpL2vt,podcast
504XRCzLkqFFovqnX876ji,Paul Orland: On Applying Machine Learning in Oil and Gas Industry | Founding Tachyus,spotify:episode:504XRCzLkqFFovqnX876ji,https://i.scdn.co/image/27df9ae74a81f758f7721c4e963f5f734302dce5,2020-10-11,Exploiting with Teja Kummarikuntla ,04OuZUNijTjCcp8gMd9RD9,podcast
06VEcoFHPrfCQoCryae7yA,Utilizing AI for Predictive Maintenance in Manufacturing | Augury‚Äôs Saar Yoskovitz,spotify:episode:06VEcoFHPrfCQoCryae7yA,https://i.scdn.co/image/fa7dbda0b837465a958212995c467d731a6df7e0,2021-01-19,IoT For All Podcast,0jYLPvfCrBZVCwM5a7aldP,podcast
13ERjzixn0Qa5jtA4zMpls,"Making Aviation Ecosystem, Predictive Maintenance Smarter",spotify:episode:13ERjzixn0Qa5jtA4zMpls,https://i.scdn.co/image/ab6765630000ba8a693d2fa8cb1c542c5df7ab8b,2022-07-19,Aviation Week's MRO Podcast,0WJVayVkJri28OvWEGroxg,podcast
2Xppk6h3HrEUZdwufSPDjl,What is the difference between Data Governance and Data Management?,spotify:episode:2Xppk6h3HrEUZdwufSPDjl,https://i.scdn.co/image/ab6765630000ba8aa14b8b70f64ac77af406063c,2022-04-05,The Data Governance Podcast,2jvqe9HZe4DRZXP0BGHoXP,podcast
79OoJQNKgIhQaffbePMjVU,Is Data-Management Dead? The Data-Empowered Organizations And How To Build A Modern Data Estate,spotify:episode:79OoJQNKgIhQaffbePMjVU,https://i.scdn.co/image/ab6765630000ba8ac8a6584783452a41638ede58,2022-11-07,Bernard Marr's Future of Business & Technology Podcast,6pbA7zZxvYOtZfSISMBFcl,podcast
25cnCuBvUPif5381rU2bGA,"Beyond Dashboards: The Future Of Analytics And Business Intelligence? (with Amir Orad, CEO of Sisense)",spotify:episode:25cnCuBvUPif5381rU2bGA,https://i.scdn.co/image/ab6765630000ba8a9485d435d3f1dd6e609caee1,2022-11-21,Bernard Marr's Future of Business & Technology Podcast,6pbA7zZxvYOtZfSISMBFcl,podcast
1mh8knPQRfgsIBIENExxgz,"The Most In-Demand Skills For The Future Of Work (with Jeff Maggioncalda, CEO, Coursera)",spotify:episode:1mh8knPQRfgsIBIENExxgz,https://i.scdn.co/image/ab6765630000ba8a07e73bdabe81e3a1cefacd0d,2022-08-18,Bernard Marr's Future of Business & Technology Podcast,6pbA7zZxvYOtZfSISMBFcl,podcast
5FxgMTr9vNJHo3rneKDxSA,"The Future of Digital Twins (with Michael MacKenzie, AWS)",spotify:episode:5FxgMTr9vNJHo3rneKDxSA,https://i.scdn.co/image/ab6765630000ba8af678e112d9cde8d06331e45d,2022-07-23,Bernard Marr's Future of Business & Technology Podcast,6pbA7zZxvYOtZfSISMBFcl,podcast
3q7A5krG5bzOxGfx41DRfa,095 - Increasing Adoption of Data Products Through Design Training: My Interview from TDWI Munich,spotify:episode:3q7A5krG5bzOxGfx41DRfa,https://i.scdn.co/image/ab6765630000ba8a72a047ceba0b9e4135d86244,2022-07-12,Experiencing Data with Brian T. O‚ÄôNeill,7wVvNYSGGicmX2Nb0XhLl9,podcast
4lNHJTwtgMv0dlCml6MvU0,Episode 15: Pump Motor Maintenance & Downtime Prevention with Siemens Experts,spotify:episode:4lNHJTwtgMv0dlCml6MvU0,https://i.scdn.co/image/ab6765630000ba8a9b7375a910f95df2f14f3942,2019-01-21,Pumps & Systems Podcast,7vCgXFp1J9Q5WdrMcOWafa,podcast
4A7eE1jBcASCvHUqaRqrKV,078 - From Data to Product: What is Data Product Management and Why Do We Need It with Eric Weber,spotify:episode:4A7eE1jBcASCvHUqaRqrKV,https://i.scdn.co/image/ab6765630000ba8a72a047ceba0b9e4135d86244,2021-11-16,Experiencing Data with Brian T. O‚ÄôNeill,7wVvNYSGGicmX2Nb0XhLl9,podcast
0ar6gaZ2APje6na9QPucqk,"How To Drive Value From Data (with Alteryx CEO, Mark Anderson)",spotify:episode:0ar6gaZ2APje6na9QPucqk,https://i.scdn.co/image/ab6765630000ba8a1373a6f7902cd2013847e208,2022-11-09,Bernard Marr's Future of Business & Technology Podcast,6pbA7zZxvYOtZfSISMBFcl,podcast
2jOORMcixoNSlW3h0pUBs3,"The Importance Of Data Literacy And Data Storytelling (with Tableau CEO & President, Mark Nelson)",spotify:episode:2jOORMcixoNSlW3h0pUBs3,https://i.scdn.co/image/ab6765630000ba8a95a3c3b09e427fac4469d529,2022-11-02,Bernard Marr's Future of Business & Technology Podcast,6pbA7zZxvYOtZfSISMBFcl,podcast
3RsJS6IJ97eaR2lr4ApMBW,041 - Data Thinking: An Approach to Using Design Thinking to Maximize the Effectiveness of Data Science and Analytics with Martin Szugat of Datentreib...,spotify:episode:3RsJS6IJ97eaR2lr4ApMBW,https://i.scdn.co/image/ab6765630000ba8aa130fa605b4456c647ae0b62,2020-06-16,Experiencing Data with Brian T. O‚ÄôNeill,7wVvNYSGGicmX2Nb0XhLl9,podcast
1KR3EQ3zkeXpXPT0yWmaZb,#013 Oil and Gas HSE Podcast: Artificial Intelligence and Machine Learning in Oil and Gas,spotify:episode:1KR3EQ3zkeXpXPT0yWmaZb,https://i.scdn.co/image/ab6765630000ba8a74ac044d8fc749dce3747954,2016-11-02,Oil and Gas HSE Podcast,2R7iubM4TB7le9wVhpOzn3,podcast
0E4l9QcJOgeY4At7caZXUZ,Episode 10: Alexandra Gunderson of Arundo Analytics on Unstructured Data and Pumps,spotify:episode:0E4l9QcJOgeY4At7caZXUZ,https://i.scdn.co/image/ab6765630000ba8a9b7375a910f95df2f14f3942,2018-10-16,Pumps & Systems Podcast,7vCgXFp1J9Q5WdrMcOWafa,podcast
1FWXbMDTpVots3SagBInw1,Episode 29: Improve Your Pump System with Pete Gaydon of the Hydraulic Institute,spotify:episode:1FWXbMDTpVots3SagBInw1,https://i.scdn.co/image/ab6765630000ba8a9b7375a910f95df2f14f3942,2019-10-18,Pumps & Systems Podcast,7vCgXFp1J9Q5WdrMcOWafa,podcast
5hcGDxIPtZ7VmEZposgb1z,Making Observability a Key Business Driver,spotify:episode:5hcGDxIPtZ7VmEZposgb1z,https://i.scdn.co/image/ab6765630000ba8a197678912c501cfba8cca249,2022-11-29,The Data Engineering Show,6hMdnrFKlPbia2k6MkFs8U,podcast
3p9gP7Zwnk3k8B4gJR7BGv,S2E2. Digital Transformation And Data-Driven Decisions ,spotify:episode:3p9gP7Zwnk3k8B4gJR7BGv,https://i.scdn.co/image/ba7ddca88a827cc878298e6f1160f355915a9115,2020-11-05,The Change Management Podcast,5HE5I1odpBZXes6IJHQujT,podcast
6UocGfsUqGh3P6CeamX9vq,105 - Defining ‚ÄúData Product‚Äù the Producty Way and the Non-technical Skills ML/AI Product Managers Need,spotify:episode:6UocGfsUqGh3P6CeamX9vq,https://i.scdn.co/image/ab6765630000ba8a72a047ceba0b9e4135d86244,2022-11-29,Experiencing Data with Brian T. O‚ÄôNeill,7wVvNYSGGicmX2Nb0XhLl9,podcast
7pASdhuqTbNW69qukx1Dfb,Liderando times de Dados - ‚ÄäData Hackers Podcast 61,spotify:episode:7pASdhuqTbNW69qukx1Dfb,https://i.scdn.co/image/ab6765630000ba8a22f3b9e8481bb9a5a63ca597,2022-12-04,Data Hackers,1oMIHOXsrLFENAeM743g93,podcast
2R9SChipkYraLuYLSz8jGR,S4E4 Digital Health Revolution: How do we change Big Data to Smart Data?,spotify:episode:2R9SChipkYraLuYLSz8jGR,https://i.scdn.co/image/ab6765630000ba8a4932b3d424659a44efd6e6c6,2022-03-29,The Change Management Podcast,5HE5I1odpBZXes6IJHQujT,podcast
21ljrPT6x2zSoIIQjSpSLY,storytelling with data: #1 the art of feedback,spotify:episode:21ljrPT6x2zSoIIQjSpSLY,https://i.scdn.co/image/0a0eb001f6cc3f9616c82f12d51eeeecb87af4c8,2017-11-28,storytelling with data podcast,7kdwnSAfzxHt4Xg9K8gy5n,podcast
61UJVXxyf1Tk507JVpsQlZ,How to get the best ROI for digitalizing your asset maintenance,spotify:episode:61UJVXxyf1Tk507JVpsQlZ,https://i.scdn.co/image/bd8b08522446815ed85a81dd864b564d3e543702,2020-07-22,Fluke Reliability Radio,15AH7KUYPta1iSRiSb0A9c,podcast
0Qw4aUtDOnY8TfUckJuVUB,"Episode 1: How to Shift the Culture of a Maintenance Team with Peter Funk, Reliability Manager",spotify:episode:0Qw4aUtDOnY8TfUckJuVUB,https://i.scdn.co/image/ab6765630000ba8ae4af5e53a6d522bbd3e08c56,2019-08-23,Maintenance Mavericks Podcast,5PlLSyIsOYTgtoHuOhDxJD,podcast
1tCBCjICIR4VLzjEO6OTzt,Added value strategies for digitalized lubrication - Online Lubrication Monitoring with Guillermo Mir√≥ ,spotify:episode:1tCBCjICIR4VLzjEO6OTzt,https://i.scdn.co/image/f154c6d65323b67b961012906578671eb87fd6aa,2021-07-13,Maintenance Disrupted,52t4kKI8pgTdyfoEI6EczV,podcast
0bmCzkBScg0x9h4G9AmYd9,#115 Inside the Generative AI Revolution,spotify:episode:0bmCzkBScg0x9h4G9AmYd9,https://i.scdn.co/image/ab6765630000ba8aeaaa5e02f5e7a21fd27fc56b,2022-11-28,DataFramed,02yJXEJAJiQ0Vm2AO9Xj6X,podcast
2RqlAeOw5CPxTCZILBzTZu,[DataFramed Careers Series #2] What Makes a Great Data Science Portfolio,spotify:episode:2RqlAeOw5CPxTCZILBzTZu,https://i.scdn.co/image/ab6765630000ba8a5f4712b441fcd4135ca7452c,2022-05-31,DataFramed,02yJXEJAJiQ0Vm2AO9Xj6X,podcast
7jZ9Se0R3kzjKpu4xWwZBl,S3E1. Design Thinking in Business,spotify:episode:7jZ9Se0R3kzjKpu4xWwZBl,https://i.scdn.co/image/ba7ddca88a827cc878298e6f1160f355915a9115,2021-08-05,The Change Management Podcast,5HE5I1odpBZXes6IJHQujT,podcast
1FiZ43HUaShLQBJXCDGRB0,5. Creating Cultures Of Resilience,spotify:episode:1FiZ43HUaShLQBJXCDGRB0,https://i.scdn.co/image/ba7ddca88a827cc878298e6f1160f355915a9115,2020-07-17,The Change Management Podcast,5HE5I1odpBZXes6IJHQujT,podcast
6VVUVe8hv8YXDv8Pa1FiCR,3. Rethinking Strategy,spotify:episode:6VVUVe8hv8YXDv8Pa1FiCR,https://i.scdn.co/image/ba7ddca88a827cc878298e6f1160f355915a9115,2020-06-30,The Change Management Podcast,5HE5I1odpBZXes6IJHQujT,podcast
1pXT1Tz1COrI87IAZFXlzq,Kaggle: como vencer competi√ß√µes de Machine¬†Learning ‚Äî‚ÄäData Hackers Podcast 10,spotify:episode:1pXT1Tz1COrI87IAZFXlzq,https://i.scdn.co/image/ab6765630000ba8a22f3b9e8481bb9a5a63ca597,2019-04-28,Data Hackers,1oMIHOXsrLFENAeM743g93,podcast
12FAU2O9OR8FHJ1DLwyq8g,#116 Value Creation Within the Modern Data Stack,spotify:episode:12FAU2O9OR8FHJ1DLwyq8g,https://i.scdn.co/image/ab6765630000ba8ad5fd9894e18fe2ba601e27b1,2022-12-05,DataFramed,02yJXEJAJiQ0Vm2AO9Xj6X,podcast
2ANZmLwaq2GI1LqBMhlMpG,S4E3 Using Design Approaches to Inform Strategy,spotify:episode:2ANZmLwaq2GI1LqBMhlMpG,https://i.scdn.co/image/ab6765630000ba8a4932b3d424659a44efd6e6c6,2022-03-22,The Change Management Podcast,5HE5I1odpBZXes6IJHQujT,podcast
2qdTTfTZ2iwuBdMZNiaIKt,Turning Data Strategy into AI ROI - with TJ Shembekar of IBM,spotify:episode:2qdTTfTZ2iwuBdMZNiaIKt,https://i.scdn.co/image/ab6765630000ba8aaa467af6b037e7057351c63d,2021-11-06,The AI in Business Podcast,4gD9xiYU9iC24vnjUx1PTg,podcast
7zfH4hagZKwoIWmee0AXBd,Product Management for Machine Learning - Geo Jolly,spotify:episode:7zfH4hagZKwoIWmee0AXBd,https://i.scdn.co/image/ab6765630000ba8a43e7c9a1cac357578c6f332c,2021-12-17,DataTalks.Club,0pck8zuiXdI0OrCg86DAPy,podcast
07HJFbjNeI9WJEpdu4JioN,"S2E5. Projects, Programmes and Portfolios",spotify:episode:07HJFbjNeI9WJEpdu4JioN,https://i.scdn.co/image/ba7ddca88a827cc878298e6f1160f355915a9115,2020-12-15,The Change Management Podcast,5HE5I1odpBZXes6IJHQujT,podcast
5W0q0WszX6zLfDy5ls4SHj,#118 How Power BI Empowers Collaboration,spotify:episode:5W0q0WszX6zLfDy5ls4SHj,https://i.scdn.co/image/ab6765630000ba8a99b5609dbd14caabf6fa41c3,2022-12-19,DataFramed,02yJXEJAJiQ0Vm2AO9Xj6X,podcast
2RjSWq0GF6zVvx67Am5n9L,Maintenance Management: Tools & Tips for Maintenance Excellence,spotify:episode:2RjSWq0GF6zVvx67Am5n9L,https://i.scdn.co/image/bd8b08522446815ed85a81dd864b564d3e543702,2022-11-10,Fluke Reliability Radio,15AH7KUYPta1iSRiSb0A9c,podcast
7hM9kaMLG7oaPwfaD2YcAP,"How Engie Is Using Data, Machine Learning and IoT To Become More Sustainable",spotify:episode:7hM9kaMLG7oaPwfaD2YcAP,https://i.scdn.co/image/ab6765630000ba8a3bc788660880b1fa89e9e9c6,2022-12-19,Bernard Marr's Future of Business & Technology Podcast,6pbA7zZxvYOtZfSISMBFcl,podcast
7lZB2SjL27AjHopRSF3VGB,Six Rules to Dominate the Decade of Data,spotify:episode:7lZB2SjL27AjHopRSF3VGB,https://i.scdn.co/image/7794fae25d192bf1b57aad86ec84454ea0e30856,2022-11-16,The Data Chief,7hJCWLsVaoqR7YTkWoyoOI,podcast
6SLh5MVWDq5PzALVuUXcn1,S3E6. Impact Driven Design,spotify:episode:6SLh5MVWDq5PzALVuUXcn1,https://i.scdn.co/image/ab6765630000ba8a4932b3d424659a44efd6e6c6,2021-09-09,The Change Management Podcast,5HE5I1odpBZXes6IJHQujT,podcast
45pLpUKCBcxNvgyPfTag9z,The Unwritten Laws of Business | W. J. King | Book Summary,spotify:episode:45pLpUKCBcxNvgyPfTag9z,https://i.scdn.co/image/ab6765630000ba8aebd2fbcbc1eceb53e0682b87,2022-12-12,Bestbookbits,0q8OW3dNrLISzyRSEovTBy,podcast
5sqsmvD9zPZuStyOLT4c4K,"#92 - SARA HOOKER - Fairness, Interpretability, Language Models",spotify:episode:5sqsmvD9zPZuStyOLT4c4K,https://i.scdn.co/image/ab6765630000ba8ae31b3a595c006edeff4dd323,2022-12-23,Machine Learning Street Talk (MLST),02e6PZeIOdpmBGT9THuzwR,podcast
2G2z9kc5vlP0y6NLZpsdaA,The practicalities of releasing models,spotify:episode:2G2z9kc5vlP0y6NLZpsdaA,https://i.scdn.co/image/e7afa3e3cc009d133446a237bf4446832332db6e,2022-11-01,"Practical AI: Machine Learning, Data Science",1LaCr5TFAgYPK5qHjP3XDp,podcast
3AMTVBkJzvwIn0CAdcLEKm,627: AutoML: Automated Machine Learning,spotify:episode:3AMTVBkJzvwIn0CAdcLEKm,https://i.scdn.co/image/ab6765630000ba8abd2289a02cbf54c0880938b1,2022-11-15,Super Data Science Podcast with Jon Krohn,1n8P7ZSgfVLVJ3GegxPat1,podcast
5fU7Saz1b2tax4hfCj0Ls2,631: Data Analytics Career Orientation,spotify:episode:5fU7Saz1b2tax4hfCj0Ls2,https://i.scdn.co/image/ab6765630000ba8af091ac3aab6423854e14c064,2022-11-29,Super Data Science Podcast with Jon Krohn,1n8P7ZSgfVLVJ3GegxPat1,podcast
410mWEAd8AdOzXOqKtqwAf,AI competitions & cloud resources,spotify:episode:410mWEAd8AdOzXOqKtqwAf,https://i.scdn.co/image/e7afa3e3cc009d133446a237bf4446832332db6e,2022-12-07,"Practical AI: Machine Learning, Data Science",1LaCr5TFAgYPK5qHjP3XDp,podcast
69DL2NmebuUY2nn8Vfvhh3,Protecting us with the Database of Evil,spotify:episode:69DL2NmebuUY2nn8Vfvhh3,https://i.scdn.co/image/e7afa3e3cc009d133446a237bf4446832332db6e,2022-11-16,"Practical AI: Machine Learning, Data Science",1LaCr5TFAgYPK5qHjP3XDp,podcast
2vapkHwCxNqoOy0zrzRRkZ,630: Resilient Machine Learning,spotify:episode:2vapkHwCxNqoOy0zrzRRkZ,https://i.scdn.co/image/ab6765630000ba8a4300a53f37b1a0fcc876e46b,2022-11-25,Super Data Science Podcast with Jon Krohn,1n8P7ZSgfVLVJ3GegxPat1,podcast
7kn8wFgxMHvAXNjgu769pG,#113 Successful Frameworks for Scaling Data Maturity,spotify:episode:7kn8wFgxMHvAXNjgu769pG,https://i.scdn.co/image/ab6765630000ba8ab5bb6546c0b82ebf5496e066,2022-11-14,DataFramed,02yJXEJAJiQ0Vm2AO9Xj6X,podcast
49Z3UmoPLNwYTbUy8hrKfg,The Richest Man in Babylon | George Clason | 5 Minute Books,spotify:episode:49Z3UmoPLNwYTbUy8hrKfg,https://i.scdn.co/image/ab6765630000ba8a195d066a4a41eefb3e72d1c8,2022-10-04,Bestbookbits,0q8OW3dNrLISzyRSEovTBy,podcast
4v8zUMnLfTt6Cl4ht4JG92,641: Data Science Trends for 2023,spotify:episode:4v8zUMnLfTt6Cl4ht4JG92,https://i.scdn.co/image/ab6765630000ba8a46fd051144d1d8140589e3ab,2023-01-03,Super Data Science Podcast with Jon Krohn,1n8P7ZSgfVLVJ3GegxPat1,podcast
6kz3KV68oxBCW3J3CZX3BL,Episode 62: Improving Energy Efficiency & Reliability of Centrifugal Pumps for Clean Water,spotify:episode:6kz3KV68oxBCW3J3CZX3BL,https://i.scdn.co/image/ab6765630000ba8a9b7375a910f95df2f14f3942,2022-01-14,Pumps & Systems Podcast,7vCgXFp1J9Q5WdrMcOWafa,podcast
1xVrtp6Z7rh8L0IZSyxhGH,Episode 55: How Can Companies Fight the Skills Gap?,spotify:episode:1xVrtp6Z7rh8L0IZSyxhGH,https://i.scdn.co/image/ab6765630000ba8a9b7375a910f95df2f14f3942,2021-08-02,Pumps & Systems Podcast,7vCgXFp1J9Q5WdrMcOWafa,podcast
4Hg9ImASBRqGnE7TmREntO,#121 ChatGPT and How Generative AI is Augmenting Workflows,spotify:episode:4Hg9ImASBRqGnE7TmREntO,https://i.scdn.co/image/ab6765630000ba8a5f4712b441fcd4135ca7452c,2023-01-12,DataFramed,02yJXEJAJiQ0Vm2AO9Xj6X,podcast
6HSz7rPcMtbTBfWtbUXdqM,644: A Framework for Big Life Decisions,spotify:episode:6HSz7rPcMtbTBfWtbUXdqM,https://i.scdn.co/image/ab6765630000ba8af7acb4df6d08118c465d1f8f,2023-01-13,Super Data Science Podcast with Jon Krohn,1n8P7ZSgfVLVJ3GegxPat1,podcast
5jKodVVs4UecsNlTyxEJrB,Why Software is the Key to IoT Hardware Success | Geisel Software‚Äôs Brian Geisel | Internet of Things Podcast,spotify:episode:5jKodVVs4UecsNlTyxEJrB,https://i.scdn.co/image/fa7dbda0b837465a958212995c467d731a6df7e0,2023-01-12,IoT For All Podcast,0jYLPvfCrBZVCwM5a7aldP,podcast
6hMzvWnOMD0SBJHQkRv2Uu,646: ChatGPT: How to Extract Commercial Value Today,spotify:episode:6hMzvWnOMD0SBJHQkRv2Uu,https://i.scdn.co/image/ab6765630000ba8a87557761e0ffbae43aa4b2a2,2023-01-20,Super Data Science Podcast with Jon Krohn,1n8P7ZSgfVLVJ3GegxPat1,podcast
5GtGqcQPsr9kw7pbnZvOlL,80/20 Sales and Marketing | Working Less and Making More | Perry Marshall Summary,spotify:episode:5GtGqcQPsr9kw7pbnZvOlL,https://i.scdn.co/image/ab6765630000ba8a223f9cb4d769ceaee855c797,2023-01-20,Bestbookbits,0q8OW3dNrLISzyRSEovTBy,podcast
5kbJVxWSnaH9hdojEWZxsB,Fast and Frugal Time Series Forecasting,spotify:episode:5kbJVxWSnaH9hdojEWZxsB,https://i.scdn.co/image/ab6765630000ba8ac67a6d2064b1fa45cc539bab,2021-10-17,Data Skeptic,1BZN7H3ikovSejhwQTzNm4,podcast
5GZ2eFPcnMG7DuiWwi1BRK,The Increasingly Important Role of AI in Customer Experience,spotify:episode:5GZ2eFPcnMG7DuiWwi1BRK,https://i.scdn.co/image/ab6765630000ba8a3e3d1d8e456608f10a2f9cb9,2023-02-09,Bernard Marr's Future of Business & Technology Podcast,6pbA7zZxvYOtZfSISMBFcl,podcast
3atKAWV9yhlcTjLdJJD4bQ,651: The Intentional Use of Color in Data Communication,spotify:episode:3atKAWV9yhlcTjLdJJD4bQ,https://i.scdn.co/image/ab6765630000ba8a6dba15394e07174d5b4e622c,2023-02-07,Super Data Science Podcast with Jon Krohn,1n8P7ZSgfVLVJ3GegxPat1,podcast
1WB8bOq3hIEWfN4AYMaBAM,111 - Designing and Monetizing Data Products Like a Startup with Yuval Gonczarowski,spotify:episode:1WB8bOq3hIEWfN4AYMaBAM,https://i.scdn.co/image/ab6765630000ba8a72a047ceba0b9e4135d86244,2023-02-21,Experiencing Data with Brian T. O‚ÄôNeill,7wVvNYSGGicmX2Nb0XhLl9,podcast
3TALTMRbortPMhzLyuuJtg,Como √© trabalhar com dados na XP Inc.‚Ää-‚ÄäData Hackers Podcast¬†26,spotify:episode:3TALTMRbortPMhzLyuuJtg,https://i.scdn.co/image/ab6765630000ba8a22f3b9e8481bb9a5a63ca597,2020-07-24,Data Hackers,1oMIHOXsrLFENAeM743g93,podcast
11R83WiZOT0BcVhc4T7mbi,How to Connect Data Strategy to Business Value,spotify:episode:11R83WiZOT0BcVhc4T7mbi,https://i.scdn.co/image/7794fae25d192bf1b57aad86ec84454ea0e30856,2023-03-22,The Data Chief,7hJCWLsVaoqR7YTkWoyoOI,podcast
06GCrGJFTo9oiS1O9MAzYi,NyLkbPpwtqm9,spotify:episode:06GCrGJFTo9oiS1O9MAzYi,https://i.scdn.co/image/ab6765630000ba8ab3291a86e11dd1a791ea5d51,2019-06-12,What's New with Spotify Premium,5PbT37T6aa0dkd0oAQ87Yk,podcast
713KiOuKhLoH42c45rLDHM,Sua nova tela inicial,spotify:episode:713KiOuKhLoH42c45rLDHM,https://i.scdn.co/image/ab6765630000ba8a7f2be7cbe3ea004dd9c2251f,2020-03-06,What's New With Spotify,0cSvtUuwNbMqDAIezFm9c9,podcast
1KAJCWONTN7eZ1wKTCfcIj,"User-centric data science, design thinking, from UX researcher to data science manager@Visa - Laura Gabrysiak - the data scientist show #038",spotify:episode:1KAJCWONTN7eZ1wKTCfcIj,https://i.scdn.co/image/ab6765630000ba8a7225c18caa219a614fd38af7,2022-05-31,The Data Scientist Show,5b4GisxKJThRnRWaqRXmHw,podcast
2GuBNClBtM2evqpjoI8Ftw,AI search at You.com,spotify:episode:2GuBNClBtM2evqpjoI8Ftw,https://i.scdn.co/image/e7afa3e3cc009d133446a237bf4446832332db6e,2023-03-15,"Practical AI: Machine Learning, Data Science",1LaCr5TFAgYPK5qHjP3XDp,podcast
08ZYD4Jx8tepX6MsWOoE9F,It‚Äôs Not About You: Why Effective Communicators Put Others First,spotify:episode:08ZYD4Jx8tepX6MsWOoE9F,https://i.scdn.co/image/b5a470d7d4dd60053c3aa8b31b7b5dbebb0b1a7c,2023-03-21,"Think Fast, Talk Smart: Communication Techniques",6ll0MwobDt1JW9gYaOONEo,podcast
4fkqVZxgYsAitI2tLrBI2F,#130 The Path to Becoming a Kaggle Grandmaster,spotify:episode:4fkqVZxgYsAitI2tLrBI2F,https://i.scdn.co/image/ab6765630000ba8aa5300218f4b40fa0b6081d7f,2023-03-13,DataFramed,02yJXEJAJiQ0Vm2AO9Xj6X,podcast
2N5PF5VhsyKBYED4B4dHyF,661: Designing Machine Learning Systems,spotify:episode:2N5PF5VhsyKBYED4B4dHyF,https://i.scdn.co/image/ab6765630000ba8ae3dac763b1f36eda333b3f7b,2023-03-14,Super Data Science Podcast with Jon Krohn,1n8P7ZSgfVLVJ3GegxPat1,podcast
6yhl0RY5ZD0KaOBRRRnFn8,Central Limit Theoram | Status time | Data Science,spotify:episode:6yhl0RY5ZD0KaOBRRRnFn8,https://i.scdn.co/image/ab6765630000ba8a184102d6021d2974cc70644a,2023-02-26,Data Science with Ankit Bansal,3BopUDAH67MsFR3XXweI4z,podcast
7HXT8mbrVTyhZ5kR0L7goF,A massiva Plataforma de Dados no Ita√∫ - Data Hackers Podcast 64,spotify:episode:7HXT8mbrVTyhZ5kR0L7goF,https://i.scdn.co/image/ab6765630000ba8a22f3b9e8481bb9a5a63ca597,2023-03-10,Data Hackers,1oMIHOXsrLFENAeM743g93,podcast
2WwffK38Kdx096N6CQmDE8,#109 - Dr. DAN MCQUILLAN - Resisting AI,spotify:episode:2WwffK38Kdx096N6CQmDE8,https://i.scdn.co/image/ab6765630000ba8aa5005e523257d42d8a204698,2023-03-20,Machine Learning Street Talk (MLST),02e6PZeIOdpmBGT9THuzwR,podcast
1Hv8SVittRJDkEecbQ0CzH,"113 - Turning the Weather into an Indispensable Data Product for Businesses with Cole Swain, VP Product at tomorrow.io",spotify:episode:1Hv8SVittRJDkEecbQ0CzH,https://i.scdn.co/image/ab6765630000ba8a72a047ceba0b9e4135d86244,2023-03-21,Experiencing Data with Brian T. O‚ÄôNeill,7wVvNYSGGicmX2Nb0XhLl9,podcast
7ASLou6VhN1OzULPZcB6lu,Aligning Data Security With Business Productivity To Deploy Analytics Safely And At Speed,spotify:episode:7ASLou6VhN1OzULPZcB6lu,https://i.scdn.co/image/ab6765630000ba8a4456c3c56c25fd6631366c71,2023-03-19,Data Engineering Podcast,2iLvljRGVVIGlJshT5vNDS,podcast
2Y0mKRHq6wVfr25HJ5Ji3Y,Starting a Consultancy in the Data Space - Aleksander Kruszelnicki,spotify:episode:2Y0mKRHq6wVfr25HJ5Ji3Y,https://i.scdn.co/image/ab6765630000ba8a28ee23b0c436bf5d993d8633,2023-03-17,DataTalks.Club,0pck8zuiXdI0OrCg86DAPy,podcast
418mDc9o1QmiDrGjeKNQRP,S5 E8: Supply Chain Demands w/ Jim Fleming,spotify:episode:418mDc9o1QmiDrGjeKNQRP,https://i.scdn.co/image/ab6765630000ba8ae4af5e53a6d522bbd3e08c56,2023-03-20,Maintenance Mavericks Podcast,5PlLSyIsOYTgtoHuOhDxJD,podcast
3S6UXdEFA2hmy686fSfpfp,The Power of Awakening | Mindfulness Practices and Spiritual Tools | Wayne Dyer | Book Summary,spotify:episode:3S6UXdEFA2hmy686fSfpfp,https://i.scdn.co/image/ab6765630000ba8a1a8eeb7fec0f6ffb611fbe08,2023-03-14,Bestbookbits,0q8OW3dNrLISzyRSEovTBy,podcast
0je6q3rIOTPtDuvMT7rUt6,Shreya Shankar ‚Äî Operationalizing Machine Learning,spotify:episode:0je6q3rIOTPtDuvMT7rUt6,https://i.scdn.co/image/ab6765630000ba8a15e99b9921a38d1395dc30ad,2023-03-03,"Gradient Dissent: Exploring Machine Learning, AI, Deep Learning, Computer Vision",7o9r3fFig3MhTJwehXDbXm,podcast
